35-7670320,Kinnamplus,Associate Fellow M2,Buddy,Vanausdal,1001
83-4401879,Dalttechnology,Senior Director M1,Elly,Aredondo,1002
96-9587311,Konex,Senior Director R1,Candida,Hoa,1003
97-1463799,Faxquote,Director M3,Merilyn,Julia,1004
42-4075529,Xx-holding,SalesRep R1,Benedict,Mirafuentes,1005
34-1167025,Faxquote,Director M9,Daniel,Suffield,1006
94-3886618,Rangreen,Manager M1,Sherita,Zagen,1007
17-6105195,Inity,Senior Manager L1,Lashawnda,Ferrario,1008
56-2291887,Mathtouch,Executive Manager R9,Jesusita,Degroot,1009
85-3032731,Silis,Associate Manager R4,Mozell,Kolmetz,1010
47-6473901,Betatech,Executive Manager M2,Wynell,Rodenberger,1011
10-0374336,Treequote,Senior Director M9,Peggie,Sengbusch,1012
86-6324444,Kan-code,Senior Director R8,Nan,Nunlee,1013
45-6711652,Openlane,Senior Manager M4,Martina,Bartolet,1014
61-1100139,Inity,Executive Manager L3,Mitsue,Dilello,1015
09-5111889,Hottechi,Manager M1,Annmarie,Berganza,1016
51-3984561,Scotfind,SalesRep R1,Lisha,Rodeigues,1017
87-8049695,Warephase,Senior Manager M6,Kanisha,Slayton,1018
59-1521466,Stanredtax,Senior Scientist M1,Mari,Hirpara,1019
19-3136322,Bioholding,Manager M4,Rodolfo,Adkin,1020
64-4494473,Ron-tech,Senior Manager R7,Sage,Farrow,1021
38-5109013,dambase,Executive Manager R2,Venita,Ennaco,1022
49-7614440,Scottech,Senior Manager L4,Jennifer,Fortino,1023
52-9011162,dambase,Senior Director R9,Claribel,Foller,1024
64-7173397,Y-corporation,Associate Director M2,Corinne,Theodorov,1025
07-6913915,Cancity,SalesRep R4,Graciela,Kippley,1026
09-3973558,Sonron,Senior Manager R1,Pete,Tjepkema,1027
24-1651361,Codehow,Researcher R3,Ilene,Stem,1028
34-0807225,Zumgoity,Director M6,Clay,Discipio,1029
48-1769205,Labdrill,Manager R1,Jina,Adkin,1030
94-2432098,Singletechno,Director M7,Daniel,Matuszak,1031
37-8167653,Inity,Associate Director M4,Helaine,Vonasek,1032
13-6202155,Zathunicon,Senior Director R8,Jose,Birkner,1033
