101,rbreland@golddex.com,8362856246,214 11-street,Aurora,CA,73775
102,vyglesias@zathunicon.com,1915932260,618 13-street,Arlington,LA,21148
103,rtillotson@stanredtax.com,8597075461,311 18-street,Riverside,TX,78345
104,edhamer@zoomit.com,9499464548,7991 13-street,San Jose,CA,60944
105,ainouye@xx-zobam.com,5471127807,6427 12-street,Chesapeake,AZ,25387
106,wogg@silis.com,7333988849,725 10-street,Washington,MA,19656
107,cyum@donquadtech.com,5329767652,362 7-street,San Diego,CA,69370
108,lsengbusch@green-plus.com,906069863,8176 5-street,Norfolk,NC,34287
109,cfredicks@conecom.com,4735065328,8307 3-street,Pittsburgh,AK,81537
110,nkonopacki@donquadtech.com,1793866614,9782 3-street,Boston,TN,27290
111,,1667017314,6056 3-street,Scottsdale,NV,43752
112,cheintzman@openlane.com,2536791037,5312 8-street,Sacramento,CA,25584
113,,951707089,5349 1-street,El Paso,TX,63070
114,jhoa@funholding.com,6131183504,5462 18-street,Irvine,NC,38666
115,ebuzick@inity.com,1139788123,3055 19-street,San Diego,CA,72570
116,mbutt@stanredtax.com,6515736908,7522 18-street,San Jose,CA,25052
117,cdickerson@zoomit.com,7503991134,813 17-street,Bakersfield,FL,96230
118,mtomasulo@konmatfix.com,9593648296,3615 9-street,Fremont,ID,11222
119,cwitten@stanredtax.com,2925384359,5957 6-street,Portland,NV,40510
120,esuffield@sunnamplex.com,4759037506,6966 19-street,Sacramento,CA,91762
121,dnicolozakes@iselectrics.com,2608043737,300 15-street,Fort Worth,TX,90508
122,tberlanga@year-job.com,574711693,5266 14-street,Tampa,HI,96649
123,llacovara@ganjaflex.com,7379937323,3247 7-street,Fresno,CA,4263
124,ehaufler@rangreen.com,1221846532,8776 9-street,Chandler,TX,33207
125,kankeny@statholdings.com,1044404805,1510 13-street,El Paso,TX,26494
126,agotter@xx-holding.com,1300567348,7621 2-street,Kansas City,AZ,29870
127,jthreets@plexzap.com,440114244,3411 18-street,Toledo,NC,33178
128,lparlato@donware.com,5543331462,8625 12-street,North Las Vegas,CA,94634
129,bcolaizzo@dambase.com,435203758,1761 8-street,Lexington-Fayette,PA,83393
130,gcantres@doncon.com,5409727362,1109 19-street,Indianapolis,IN,64043
131,sdrymon@faxquote.com,3592084297,2364 10-street,Arlington,LA,60462
132,lkulzer@doncon.com,5774993810,3848 10-street,Portland,NV,35444
133,szagen@year-job.com,3546386263,9433 17-street,Arlington,LA,50692
134,gmastella@zencorporation.com,1876735707,7682 2-street,Louisville/Jefferson County,OR,77213
135,smiceli@yearin.com,9184935689,8056 10-street,Dallas,TX,27165
136,hfigeroa@conecom.com,3630610787,1343 7-street,Las Vegas,WI,34902
137,aandreason@newex.com,1492372600,3704 14-street,Anaheim,CA,6679
138,psweigard@newex.com,1184653690,2594 4-street,Aurora,CA,71878
139,sfredicks@plexzap.com,5602119226,3961 9-street,Hialeah,NV,92257
140,,9282367380,7221 20-street,New Orleans,CA,89957
141,mdopico@finjob.com,2714111010,5257 8-street,Seattle,WA,29115
142,jdopico@lexiqvolax.com,4715954992,8498 3-street,Henderson,NE,76098
143,jriopelle@rantouch.com,8593039077,8001 15-street,Durham,WI,35246
144,smartabano@xx-holding.com,4768268545,2022 4-street,Austin,TX,87800
145,tshinko@zumgoity.com,4187293928,2866 15-street,Lubbock,CA,18982
146,lmelnyk@treequote.com,6908036508,6277 11-street,Toledo,NC,6697
147,loldroyd@zoomit.com,3914162377,5846 17-street,Houston,TX,97848
148,ddrymon@rantouch.com,1287400647,7506 20-street,Greensboro,NJ,69943
149,blipkin@betatech.com,508064495,3379 11-street,Dallas,TX,25652
150,mmaillard@xx-holding.com,3843925230,2118 14-street,Henderson,NE,74885
151,cgellinger@mathtouch.com,8341217590,5484 2-street,New York,NY,36811
152,,9928205618,6654 2-street,Indianapolis,IN,36195
153,fwolny@j-texon.com,4480745325,8729 9-street,Phoenix,AZ,98157
154,sscriven@plusstrip.com,3404616078,9388 1-street,Las Vegas,WI,22869
155,oyglesias@plussunin.com,1167347296,4774 21-street,Atlanta,CO,44304
156,mwaycott@singletechno.com,6461443016,9382 20-street,Santa Ana,MO,74784
157,imunns@rantouch.com,4918225437,3826 4-street,Irving,AZ,98039
158,sliukko@zoomit.com,821858917,4999 14-street,Jersey City,CA,53620
159,lbrossart@silis.com,4617668061,5047 14-street,Aurora,CA,31477
160,chagele@dalttechnology.com,2212004410,3051 20-street,Chula Vista,IN,98495
161,cbutt@betasoloin.com,2689315292,4421 13-street,Boston,TN,97688
162,jcastros@goodsilron.com,2201698109,4488 15-street,Winston-Salem,AZ,98732
163,dpaprocki@cancity.com,7668191481,102 10-street,Raleigh,FL,64542
164,tmcdoniel@condax.com,1125166542,4305 20-street,Omaha,NC,34070
165,awieser@green-plus.com,1172917404,3849 12-street,Stockton,OH,50069
166,cschemmer@domzoom.com,6557393050,9206 1-street,Tampa,HI,47311
167,hhamilton@treequote.com,1233189579,6298 2-street,Houston,TX,53471
168,tstrassner@streethex.com,1242693102,6844 20-street,Atlanta,CO,59262
169,hengelberg@plussunin.com,3429381349,8864 16-street,Stockton,OH,17938
170,ospickerman@streethex.com,1143314532,8658 8-street,Lubbock,CA,93056
171,ldegroot@silis.com,1144830813,9172 14-street,Riverside,TX,84244
172,gbiddy@streethex.com,9974383011,5452 15-street,Las Vegas,WI,34551
173,,8675485710,679 20-street,St. Louis,CA,72983
174,rmonterrubio@zathunicon.com,5826152725,7738 19-street,San Antonio,TX,40443
175,sstuer@gogozoom.com,2418025655,5672 5-street,Oakland,MN,23380
176,bfallick@betatech.com,1154756272,448 8-street,Austin,TX,1739
177,njillson@rantouch.com,8127738324,8175 19-street,Mesa,VA,62788
178,eauber@newex.com,7319698975,1589 14-street,Nashville-Davidson,MD,61402
179,alayous@streethex.com,559525544,2543 13-street,Madison,TX,63101
180,fcaudy@plusstrip.com,1020606889,6046 14-street,North Las Vegas,CA,18448
181,prentfro@zencorporation.com,3172362872,9374 3-street,New Orleans,CA,37300
182,lmaillard@stanredtax.com,6581179280,3198 10-street,Phoenix,AZ,15296
183,hfigeroa@sonron.com,1101712519,8622 19-street,Irving,AZ,69507
184,jrentfro@xx-zobam.com,288261656,74 10-street,Seattle,WA,75487
185,ddrymon@codehow.com,1691240986,1699 20-street,Dallas,TX,2297
186,kkines@mathtouch.com,5212394098,879 20-street,Charlotte,NC,5450
187,ahixenbaugh@golddex.com,9419130609,1515 11-street,Minneapolis,OK,7866
188,kskursky@doncon.com,8257606186,3547 19-street,Glendale,TX,79909
189,lsaras@codehow.com,9529868860,4047 9-street,Fremont,ID,34236
190,jcanlas@ontomedia.com,384435402,8055 21-street,Reno,VA,55478
191,xscriven@inity.com,7563155732,3 11-street,Gilbert,LA,72475
192,lpadilla@openlane.com,3888701538,2765 14-street,Charlotte,NC,7324
193,ddilliard@stanredtax.com,9789285609,7607 21-street,Cincinnati,MN,5167
194,gbeech@plusstrip.com,6208809989,3785 3-street,Seattle,WA,72196
195,rdarakjy@ontomedia.com,7530246277,1067 12-street,Stockton,OH,33220
196,lkeetch@green-plus.com,717780062,6963 19-street,Denver,CO,27240
197,eshields@condax.com,6924612766,248 3-street,Nashville-Davidson,MD,45518
198,osteffensmeier@sonron.com,8778996141,3235 3-street,Oklahoma City,KY,82705
199,ddopico@dontechi.com,2684083167,8265 18-street,Austin,TX,47788
200,wuyetake@streethex.com,1815170019,5462 15-street,Louisville/Jefferson County,OR,38378
201,rhughey@finhigh.com,1818417064,1397 6-street,Milwaukee,NM,60245
202,qhagele@plussunin.com,7113525610,6392 12-street,Stockton,OH,2326
203,imaclead@funholding.com,8726406830,4455 20-street,Norfolk,NC,26582
204,mtoelkes@rangreen.com,8954098677,9497 18-street,Washington,MA,29696
205,bflister@silis.com,8451538520,6238 14-street,Tucson,CA,41426
206,tdilliard@zathunicon.com,6519084776,277 11-street,Miami,CA,85953
207,mzepp@donware.com,6810891405,6636 5-street,San Antonio,TX,2101
208,,2303634673,5904 15-street,Tulsa,OH,22814
209,lbiddy@sumace.com,7792219752,3133 8-street,Colorado Springs,NE,52304
210,hleinenbach@statholdings.com,3996078555,4800 11-street,Tulsa,OH,74569
211,cemard@zoomit.com,9823936856,7619 5-street,Colorado Springs,NE,93387
212,tsarbacher@j-texon.com,1511038100,8173 12-street,Long Beach,MO,28816
213,conofrio@goodsilron.com,6731482325,4038 9-street,Chesapeake,AZ,34086
214,sferencz@xx-zobam.com,4406556603,430 8-street,Plano,NV,86762
215,cvanausdal@isdom.com,902070166,5179 20-street,Newark,TX,33972
216,dhollack@singletechno.com,7748894677,7220 19-street,Kansas City,AZ,29178
217,cgabisi@condax.com,4905529608,848 10-street,Stockton,OH,16715
218,nhalter@singletechno.com,2413427937,4820 18-street,Chicago,IL,68021
219,gdallen@mathtouch.com,2170210866,1159 9-street,Las Vegas,WI,58119
220,lfrancescon@iselectrics.com,8312972609,4339 17-street,Miami,CA,43700
221,ekorando@dalttechnology.com,1898337879,6415 16-street,Phoenix,AZ,31575
222,jdorshorst@labdrill.com,931861410,2515 16-street,Albuquerque,AZ,20955
223,gbourbon@plexzap.com,8183426972,4744 3-street,New York,NY,67976
224,ddilliard@gogozoom.com,4306328339,6260 7-street,Detroit,MI,54536
225,dperruzza@mathtouch.com,4538841592,7054 11-street,Scottsdale,NV,93273
226,crim@zumgoity.com,630062942,4540 7-street,Laredo,VA,57518
227,crhym@sonron.com,252537201,8021 5-street,Glendale,TX,93038
228,rbuvens@singletechno.com,4249125767,1743 12-street,Boise City,VA,136
229,gswayze@plusstrip.com,5519218700,2049 14-street,San Jose,CA,43098
230,hjurney@donware.com,8735285394,577 16-street,Virginia Beach,GA,22984
231,nleto@funholding.com,9624346086,5817 20-street,Tucson,CA,77673
232,vgabisi@statholdings.com,4238032546,8840 8-street,Bakersfield,FL,11856
233,kpoquette@kan-code.com,7796209189,3417 3-street,Laredo,VA,47830
234,loldroyd@betatech.com,3766499174,4448 18-street,Stockton,OH,20896
235,ltromblay@iselectrics.com,9725616123,6131 5-street,Henderson,NE,76813
236,cfoller@bioholding.com,1775325211,9380 20-street,Laredo,VA,78296
237,mdickerson@doncon.com,2410582174,2329 14-street,Baton Rouge,TX,4996
238,ymeinerding@stanredtax.com,1474065656,6838 4-street,Charlotte,NC,54373
239,dpalaia@xx-holding.com,8760313153,2992 1-street,Santa Ana,MO,75871
240,,1387483181,6348 16-street,Wichita,TX,90763
241,fkusko@kan-code.com,7426212119,5373 1-street,Omaha,NC,92888
242,,387395571,3912 12-street,Fremont,ID,71078
243,jsuell@funholding.com,1459457367,1458 21-street,Austin,TX,75446
244,sdewar@scottech.com,580743289,7071 1-street,Irving,AZ,15760
245,aruta@labdrill.com,7654632414,9155 17-street,Gilbert,LA,74521
246,tcookey@finjob.com,7128511197,9340 3-street,Orlando,FL,99356
247,lschmaltz@dalttechnology.com,4660937524,8693 2-street,Chesapeake,AZ,79587
248,rmonterrubio@green-plus.com,3282735182,2462 6-street,Fremont,ID,42038
249,hsaylors@gogozoom.com,2316653638,1301 5-street,Colorado Springs,NE,48404
250,,6880971528,964 19-street,St. Petersburg,AZ,33292
251,chaufler@streethex.com,3740279441,3872 10-street,Tulsa,OH,67199
252,smadarang@rantouch.com,5563624118,7721 18-street,Baltimore,OK,41836
253,ahidvegi@fasehatice.com,1852060442,8801 18-street,Buffalo,NJ,90135
254,dmaisto@yearin.com,6166959529,4992 5-street,Irvine,NC,23778
255,lragel@xx-zobam.com,7981674793,3993 20-street,Detroit,MI,63375
256,,8329388125,1645 18-street,Las Vegas,WI,73936
257,hfrey@groovestreet.com,1126906148,2460 19-street,Laredo,VA,70047
258,srhym@dontechi.com,397005212,6603 12-street,Kansas City,AZ,28223
259,lhanafan@sonron.com,8382211466,409 4-street,Laredo,VA,66999
260,afarrow@labdrill.com,8634373082,3107 2-street,Oakland,MN,32629
261,wkohl@sonron.com,2387266959,5850 8-street,Columbus,OH,83937
262,srantanen@treequote.com,510521307,1422 15-street,Baltimore,OK,10385
263,rgehrett@konex.com,5694805481,4411 14-street,Stockton,OH,65997
264,,3677389687,1928 2-street,Tulsa,OH,61617
265,mdinos@conecom.com,2339994772,6465 4-street,El Paso,TX,59785
266,tbaltimore@rangreen.com,4951624688,242 4-street,Baton Rouge,TX,55642
267,kkarpel@xx-zobam.com,1134310617,1017 19-street,Winston-Salem,AZ,96346
1001,darias@streethex.com,2389609428,2796 11-street,Fort Worth,TX,39236
1002,plindall@plusstrip.com,2639300368,1708 10-street,Reno,VA,84881
1003,,212694798,8466 11-street,New Orleans,CA,22457
1004,ecorrio@ganjaflex.com,4632280861,1509 9-street,Houston,TX,84090
1005,rbrideau@goodsilron.com,9869492669,1040 5-street,Newark,TX,30851
1006,fkarpel@j-texon.com,8171982726,7614 7-street,Baltimore,OK,35496
1007,rdilliard@faxquote.com,1929123793,7287 1-street,Bakersfield,FL,19496
1008,efigeroa@rantouch.com,8926238928,5065 11-street,San Antonio,TX,83467
1009,lshinko@doncon.com,1085763089,9693 2-street,Gilbert,LA,94538
1010,mrentfro@plussunin.com,781888153,2477 15-street,Arlington,LA,74749
1011,flipke@plusstrip.com,9235978331,4217 17-street,Albuquerque,AZ,78256
1012,,1338445077,2408 15-street,Houston,TX,31291
1013,scaudy@inity.com,654767806,1147 8-street,Chicago,IL,81884
1014,lclaucherty@year-job.com,1217674385,5226 18-street,Corpus Christi,KY,85177
1015,,730456286,8708 19-street,Orlando,FL,55628
1016,aabdallah@dontechi.com,6572955919,112 18-street,St. Louis,CA,18984
1017,linouye@finjob.com,8866201482,3624 2-street,Henderson,NE,6239
1018,hbutzen@goodsilron.com,6312967400,9024 8-street,Lexington-Fayette,PA,8615
1019,ffrancescon@golddex.com,5612118106,8898 4-street,St. Paul,OH,88833
1020,fwaymire@singletechno.com,4762318058,5858 8-street,Hialeah,NV,23145
1021,cbrossart@betasoloin.com,1531717499,9036 7-street,Irvine,NC,46008
1022,vbartolet@green-plus.com,6468466355,7758 19-street,Cleveland,KS,54697
1023,qbuzick@betasoloin.com,2756495714,793 17-street,San Antonio,TX,40150
1024,,921533741,3914 1-street,San Diego,CA,5941
1025,crentfro@faxquote.com,8768610251,2598 2-street,Los Angeles,CA,72084
1026,ikolmetz@rundofase.com,5744449668,6272 13-street,Minneapolis,OK,64295
1027,emiceli@finhigh.com,3455651660,5760 5-street,Irving,AZ,54644
1028,,750913566,6012 4-street,Buffalo,NJ,65954
1029,jpugh@blackzim.com,7755636005,7409 2-street,Lubbock,CA,62340
1030,dhughey@warephase.com,9617191815,8073 5-street,Minneapolis,OK,56797
1031,jfern@labdrill.com,5637867424,136 6-street,Oklahoma City,KY,50636
1032,wcandlish@golddex.com,9434742953,2361 2-street,Nashville-Davidson,MD,88454
1033,rsergi@fasehatice.com,1142353878,1835 18-street,Baton Rouge,TX,9367
