B5240692276,Gladys,Threets,101
B9701873535,Vilma,Giguere,102
C2530704207,Harrison,Patak,103
B0667673329,Caprice,Skulski,104
A9383285395,Tegan,Haufler,105
C8487820691,Janine,Riden,106
A7135730876,Gary,Poullion,107
D6534556524,Salome,Jurney,108
C6938144357,Cassi,Tagala,109
D4535340558,Stephaine,Caudy,110
A7656008373,Ammie,Hoa,111
C6697208198,Lorean,Mcrae,112
B1047114421,Vi,Royster,113
C6563700744,Ruthann,Waycott,114
A3706458629,Kris,Manno,115
C9725877677,Jess,Wieser,116
D5564091609,Refugia,Schoeneck,117
C2527866885,Glory,Luczki,118
C7749249695,Lindsey,Felger,119
D2205967267,Abel,Weirather,120
A0750292190,Leslie,Knipp,121
D1938774729,Herminia,Steffensmeier,122
A8857188903,Martina,Kitty,123
D7871290693,Georgene,Perruzza,124
A7974811992,Carmela,Regusters,125
B9153577327,Shalon,Manno,126
A4307733572,Selma,Hirpara,127
D3769942713,Elvera,Hoogland,128
D3516184517,Derick,Steffensmeier,129
B8267603424,Lezlie,Hidvegi,130
D5106706321,Dierdre,Cryer,131
C8387651854,Glory,Dallen,132
C5564885117,Lonny,Parvis,133
D0979557056,Donette,Hellickson,134
A2150826458,Vincent,Ennaco,135
A5182568516,Benedict,Vizarro,136
D5515926273,Jovita,Maynerich,137
D8406096764,Allene,Pagliuca,138
D8053038202,Ashlyn,Kownacki,139
D2440363626,Chantell,Amyot,140
B6594307920,Detra,Uyetake,141
D3405738399,Mattie,Degroot,142
D5191373192,Loren,Mccullan,143
D5493718870,Ty,Staback,144
A8301013876,Olive,Frerking,145
B1905472111,Dean,Kippley,146
B2503869534,Mireya,Upthegrove,147
D0328630274,Laurel,Mclaird,148
D9726048247,Sylvie,Fallick,149
D0985294389,Rikki,Oles,150
C2673914348,Tracey,Denooyer,151
A6562833622,Alisha,Springe,152
C6390913308,Casie,Gesick,153
D3341952649,Rozella,Zepp,154
D8356291718,Cecil,Riden,155
B7932999712,Eladia,Rantanen,156
D8269311874,Noah,Meinerding,157
C4785358885,Arlene,Birkner,158
B9479074244,Myra,Royster,159
A3410814072,Freeman,Paskin,160
C8349669264,Mattie,Reiber,161
A0923389692,Barrett,Sergi,162
A9824759625,Pamella,Arias,163
A1148700069,Xuan,Plumer,164
D8992895517,Helene,Miceli,165
D3677460785,Kayleigh,Goldammer,166
C3623479361,Britt,Restrepo,167
A2356695475,Rozella,Bowley,168
C0659557688,Yolando,Labreche,169
A0536865675,Charlene,Saras,170
A5224016442,Mitzie,Blunk,171
D6598074250,James,Lacovara,172
B3114961337,Cammy,Aquas,173
D8805924960,Veronika,Sawchuk,174
D4949425401,Daniela,Zagen,175
A1100965794,Sherita,Flister,176
B2456071697,Brett,Sturiale,177
B7250129830,Luisa,Rochin,178
D9868570966,France,Pawlowicz,179
D6887650752,Mariann,Gotter,180
B3493541660,Lili,Acey,181
C4721215300,Cassi,Mccullan,182
C2477021110,Vincent,Demesa,183
B5647927687,Elke,Varriano,184
C1874682232,Frederica,Candlish,185
C5820441797,Loreta,Discipio,186
B2831352575,Meaghan,Kannady,187
C8180681803,Ty,Hiatt,188
A8857026223,Celeste,Hidvegi,189
A1919786459,Irma,Loader,190
D0751253658,Sheridan,Neither,191
A2549561818,Alease,Vinning,192
A7476663773,Regenia,Buvens,193
C0315829968,Yoko,Nunlee,194
B0490229322,Maurine,Poquette,195
D3516713339,Maurine,Beech,196
C5684393032,Theodora,Modzelewski,197
C2451484744,Jani,Kiel,198
B8118245955,Kirk,Klusman,199
D9983832656,Eden,Calvaresi,200
D7197177558,Tyra,Kitty,201
C9883149255,Clay,Eroman,202
B6629932093,Carmelina,Lary,203
C2665896847,Alecia,Greenbush,204
A4195059665,Irma,Hughey,205
C8363248808,Kimberlie,Silvestrini,206
D9854901324,Belen,Kitty,207
A0301796521,Tresa,Karpel,208
B4329886405,Lorrine,Dickerson,209
C0199518923,Felicidad,Rulapaugh,210
C9607630052,Lizette,Oles,211
A0836288701,Dyan,Dallen,212
A2781606676,Margart,Koppinger,213
D4681815206,Kattie,Greenbush,214
D0369069698,Peggie,Thyberg,215
B8116028762,France,Gobern,216
A3642699140,Tiffiny,Zepp,217
B2391029488,Cammy,Kalafatis,218
D4268387122,Ryan,Shealy,219
B4430396935,Gayla,Jurney,220
A1652643602,Belen,Onofrio,221
B0529778191,Annelle,Andreason,222
D3639339127,Carmen,Perigo,223
D1263382492,Nan,Stem,224
C9468553584,Pamella,Honeywell,225
D9622429189,Gayla,Nestle,226
C8565047824,Nickolas,Wildfong,227
D2507219873,Tyra,Mulqueen,228
C7720975467,Elza,Diestel,229
B3135098307,Yuki,Rulapaugh,230
C5471875763,Fausto,Dallen,231
D3600877411,Ryan,Sama,232
A9499931848,Kirk,Lindall,233
D8119514417,Delisa,Perin,234
B4222493197,Layla,Steier,235
D8282569200,Lenna,Bubash,236
C2486363271,Laurel,Jeanty,237
C1301696678,Haydee,Beech,238
B1302071867,Lili,Lueckenbach,239
A9110995031,Lai,Ogg,240
A4114790699,Alease,Lipke,241
C8521553415,Cecilia,Dilello,242
C7405915994,Lynelle,Cronauer,243
D1203722082,Tiera,Emard,244
B4901838775,Twana,Timenez,245
B3560453812,Staci,Perin,246
C0550572802,Lavonda,Weglarz,247
B6287650227,Nickolas,Scriven,248
B7649567338,Britt,Arias,249
B9986557803,Jovita,Ankeny,250
B8560719297,Kayleigh,Upthegrove,251
C7966010586,Raina,Nicka,252
C7836526302,Laurel,Yum,253
B3613796899,Janine,Ennaco,254
C0840217146,Chau,Maile,255
A9501753054,Stevie,Maile,256
D4638312523,Margart,Lipkin,257
C5232024518,Kayleigh,Francescon,258
B4747383483,Kristeen,Rodefer,259
A0965866036,Garry,Merced,260
B8426722523,Stephane,Caldarera,261
A7394786391,Daron,Limmel,262
D8549360259,Albina,Herritt,263
A0943466017,Sage,Schirpke,264
A7336665337,Regenia,Paskin,265
A5920668662,Elza,Demesa,266
A6107738399,Ernest,Ehmann,267
